-- 插入文章数据
INSERT INTO `quaint_blog_plus`.`article_info`(`id`, `article_title`, `article_abstract`, `main_image_url`, `member_id`, `read_num`, `article_content`, `show_home`, `create_time`, `update_time`, `valid`) VALUES (1, '机器学习建模', '“ 数据决定机器学习结果的上限，而算法只是尽可能的逼近这个上限”，可见数据在机器学习中的作用。', 'http://www.yangqq.com/d/file/news/life/2018-06-29/75842f4d1e18d692a66c38eb172a40ab.jpg', 1, 70, '<div><h1 style=\"-en-clipboard:true;\">机器学习建模基本过程</h1><p><span style=\"-en-paragraph:true;\">机器学习建模基本过程：</span></p><h2>1. 实际问题抽象成数学问题</h2><p><span style=\"-en-paragraph:true;\">这里的抽象成数学问题，指的我们明确我们可以获得什么样的数据，目标是一个分类还是回归或者是聚类的问题，如果都不是的话，如果划归为其中的某类问题。</span></p><h2>2. 获取数据</h2><p>获取数据包括获取原始数据以及从原始数据中经过特征工程从原始数据中提取训练、测试数据。机器学习比赛中原始数据都是直接提供的，但是实际问题需要自己获得原始数据。</p><p>“ 数据决定机器学习结果的上限，而算法只是尽可能的逼近这个上限”，可见数据在机器学习中的作用。</p><p>1、总的来说数据要有具有“代表性”，</p><p>2、对于分类问题，数据偏斜不能过于严重，不同类别的数据数量不要有数个数量级的差距。</p><p><span style=\"-en-paragraph:true;\">3、对评估数据的量级，样本数量、特征数量，估算训练模型对内存的消耗。如果数据量太大可以考虑减少训练样本、降维或者使用分布式机器学习系统。</span></p><h2>3. 特征工程</h2><p>特征工程包括从原始数据中特征构建、特征提取、特征选择。特征工程做的好能发挥原始数据的最大效力，往往能够使得算法的效果和性能得到显著的提升，有时能使简单的模型的效果比复杂的模型效果好。数据挖掘的大部分时间就花在特征工程上面，是机器学习非常基础而又必备的步骤。</p><p>1、数据预处理、</p><p>2、数据清洗、</p><p><span style=\"-en-paragraph:true;\">3、筛选显著特征、摒弃非显著特征等。</span></p><h2>4. 训练模型、诊断、调优</h2><p>模型诊断中至关重要的是判断过拟合、欠拟合，常见的方法是绘制学习曲线，交叉验证。</p><p>通过增加训练的数据量、降低模型复杂度来降低过拟合的风险，</p><p><span style=\"-en-paragraph:true;\">提高特征的数量和质量、增加模型复杂来防止欠拟合。诊断后的模型需要进行进一步调优，调优后的新模型需要重新诊断，这是一个反复迭代不断逼近的过程，需要不断的尝试，进而达到最优的状态。</span></p><h2>5. 模型验证、误差分析</h2><p><span style=\"-en-paragraph:true;\">通过测试数据，验证模型的有效性，观察误差样本，分析误差产生的原因，往往能使得我们找到提升算法性能的突破点。误差分析主要是分析出误差来源与数据、特征、算法。</span></p><h2>6.模型融合</h2><p><span style=\"-en-paragraph:true;\">提升算法的准确度主要方法是模型的前端（特征工程、清洗、预处理、采样）和后端的模型融合。在机器学习比赛中模型融合非常常见，基本都能使得效果有一定的提升。</span></p><h2>7. 上线运行</h2><p><span style=\"-en-paragraph:true;\">这一部分内容主要跟工程实现的相关性比较大。工程上是结果导向，模型在线上运行的效果直接决定模型的成败。 不单纯包括其准确程度、误差等情况，还包括其运行的速度(时间复杂度)、资源消耗程度（空间复杂度）、稳定性是否可接受。</span></p><p><span style=\"-en-paragraph:true;\">详细项目流程：</span> <a href=\"https://blog.csdn.net/czl389/article/details/77658965\">https://blog.csdn.net/czl389/article/details/77658965</a></p><p><br></p></div>', 1, '2019-12-03 14:36:12', '2019-12-07 17:52:10', 1);
INSERT INTO `quaint_blog_plus`.`article_info`(`id`, `article_title`, `article_abstract`, `main_image_url`, `member_id`, `read_num`, `article_content`, `show_home`, `create_time`, `update_time`, `valid`) VALUES (2, '我是怎么评价自己的？', '为了挨打轻一些，问我哪里来的，我瞎说了一个说那个谁家的，结果，打得更凶。最后事情还原了真相，我妈说，你要说说奶奶家的，都不会打你了。从此以后，我知道撒谎是会付出更惨痛的代价的，我不再撒谎，也不喜欢爱撒谎的人。', 'http://www.yangqq.com/d/file/news/s/2018-07-28/95d1b1577a8a7aa4fe3893f2502617e9.jpg', 1, 20, '<span style=\"color:#FF0000;\"><strong>傻&nbsp; &nbsp;&nbsp;</strong></span><br><br>小时候，大概3岁吧，这时候不记事儿，但大人老说这事儿，脑子里就总是那些场景，感觉记忆犹新。什么事儿呢，就是我把奶奶家的奶粉拿回自己家喝，让我妈给我兑，结果他们说我这是“偷”，为了挨打轻一些，问我哪里来的，我瞎说了一个说那个谁家的，结果，打得更凶。最后事情还原了真相，我妈说，你要说说奶奶家的，都不会打你了。从此以后，我知道撒谎是会付出更惨痛的代价的，我不再撒谎，也不喜欢爱撒谎的人。<br><br><span style=\"color:#FF0000;\"><strong>很傻很要强 &nbsp;</strong>&nbsp;</span><br><br>我从小到大被大人骂的次数很少，脸皮薄，所以当一受到批评，就玻璃心，哭鼻子。记得我初中写作文，没有话题可写，于是我照搬了一篇作文，恰巧这篇作文被老师看到过，于是，我被全班通报批评。颜面扫地，哭鼻子也没有用。后来，为了扳回这点儿面子，我在学校订的报纸杂志投稿，一篇又一篇，功夫不负有心人，总算是被发表了，看着我写的诗歌被发表在报纸上，还被抄写在校栏黑板报上，大家投来羡慕的眼光，我知道光环说是给原创的，自己创作的文章，必须是自己的，不能抄袭别人的。<br><br><span style=\"color:#FF0000;\"><strong>好人 </strong>&nbsp;</span><br><br>我知道“滴水之恩当涌泉相报”，曾经我遇到过这么一件事，发生在我和同学实习期工作的时候，那天用完午餐，午休时间，我俩趴在桌上睡着了，结果那天中午包被人偷走了，里面刚好有一个刚用一大半奖学金买的MP4，还有银行卡。明明桌上有两个手机，竟然还给我留了一个棒棒机。这也是个善良的小偷啊。当时报了警，做了笔录。但警察不给看监控。无奈，我用棒棒机联系了就在附近的一个朋友，我告诉他我需要钱，一星期后再给他。他问都没问原因，跑去找他的战友借了500给我。就通过这一件事，对我而言，他的恩情，我铭记在心。所以，在此之后每当他找我帮忙的时候，我都记得他在我最困难最需要帮助的时候帮过我。后来也是因为他找我次数多了，朋友的提醒，我才打算放下脸来问他要。再后来…这个恩情我想我已经还完了，好人，我绝对的好人，就好比群里公告写了不要发广告，偏偏有人发，我都以警告处理，也有人青姐青姐的叫着，说好发工资给模板钱，结果两个月过去了，最后不联系了，我是好人，不点名，不拉黑。<br><br><span style=\"color:#FF0000;\"><strong>踏实&nbsp;</strong></span><br><br>读书时期，学习成绩算不上好，但偶尔能上上排名榜，踏实的学习能获得部分的奖学金，能学到一门技能。步入社会后踏实的工作，把自己工作岗位上的事情做好，其实我每次辞职的时候都很扎心，经理待人很好，有时候还能在上下班路上蹭蹭车，同事也不错，但是很遗憾，现在没有在一起共事，我记得他们说一直想找“第二个我”，时隔这么多年，一直没找到合适的人来替代我的岗位，所以，十年来，我们一直都有业务上的合作关系。没有一个有后台的爹，家里没有遇上拆迁，那就踏实的学习，踏实的工作，踏实的做人。<br><br><span style=\"color:#FF0000;\"><strong>安静</strong></span><br><br>我性格属于好静的，喜欢写写画画，自从读了计算机专业，那就更好静了，我可以两星期都不出门，但是半刻钟也不能离开电脑。我也喜欢玩游戏，看电视剧，电影，但是当我看到别人photoshop技术提高了，会html5，php了，我也静不下来了，他们都在进步，自己也应该进步，所以我给自己的博客栏目取了个“学无止境”就是想告诉自己，学习，不停的学习，大家都在努力，自己为何要堕落，成迷游戏，泡沫电视剧。<br><br>这就是我对自己的评价，不知道你眼中的我，是什么样的人？<br><br><br>', 0, '2019-12-03 14:36:15', '2019-12-07 14:17:30', 1);
INSERT INTO `quaint_blog_plus`.`article_info`(`id`, `article_title`, `article_abstract`, `main_image_url`, `member_id`, `read_num`, `article_content`, `show_home`, `create_time`, `update_time`, `valid`) VALUES (3, '干货！IT小伙伴们实用的网站及工具大集合！(上)', '干货！IT小伙伴们实用的网站及工具大集合', 'http://www.yangqq.com/d/file/jstt/bj/2018-06-29/3f0b6da48a6fd4e626a021ff7bd0d74f.jpg', 1, 78, '<div><p style=\"margin-top: 0px; margin-bottom: 15px; color: rgb(85, 85, 85); font-family: &quot;Microsoft Yahei&quot;, &quot;Helvetica Neue&quot;, Helvetica, Arial, sans-serif; font-size: 15px; text-indent: 30px; white-space: normal;\">1.Git</p><p style=\"margin-top: 0px; margin-bottom: 15px; color: rgb(85, 85, 85); font-family: &quot;Microsoft Yahei&quot;, &quot;Helvetica Neue&quot;, Helvetica, Arial, sans-serif; font-size: 15px; text-indent: 30px; white-space: normal;\">还在担心自己辛辛苦苦写的代码被误删了吗？还在担心自己改错了代码不能挽回吗？还在苦恼于多人开发合作找不到一个好的工具吗？那么用Git就对了，Git是一个开源的分布式版本控制系统，用以有效、高速的处理从很小到非常大的项目版本管理。有了它，代码托管不是问题，版本控制不再苦恼，多人开发变得简单易行。</p><p style=\"margin-top: 0px; margin-bottom: 15px; color: rgb(85, 85, 85); font-family: &quot;Microsoft Yahei&quot;, &quot;Helvetica Neue&quot;, Helvetica, Arial, sans-serif; font-size: 15px; text-indent: 30px; white-space: normal;\">链接：<a href=\"http://git-scm.com/\" title=\"\" style=\"color: rgb(0, 166, 124); text-decoration-line: none;\">http://git-scm.com/</a></p><p style=\"margin-top: 0px; margin-bottom: 15px; color: rgb(85, 85, 85); font-family: &quot;Microsoft Yahei&quot;, &quot;Helvetica Neue&quot;, Helvetica, Arial, sans-serif; font-size: 15px; white-space: normal;\"><a href=\"http://qiniu.cuiqingcai.com/wp-content/uploads/2014/11/QQ%E6%88%AA%E5%9B%BE20141124142208-e1416810150194.jpg\" title=\"\" style=\"color: rgb(0, 166, 124); text-decoration-line: none;\"><img class=\"alignnone size-large wp-image-457\" src=\"http://qiniu.cuiqingcai.com/wp-content/uploads/2014/11/QQ%E6%88%AA%E5%9B%BE20141124142208-1024x341.jpg\" alt=\"QQ截图20141124142208\" width=\"1024\" height=\"341\"></a></p><p style=\"margin-top: 0px; margin-bottom: 15px; color: rgb(85, 85, 85); font-family: &quot;Microsoft Yahei&quot;, &quot;Helvetica Neue&quot;, Helvetica, Arial, sans-serif; font-size: 15px; text-indent: 30px; white-space: normal;\">&nbsp;</p><p style=\"margin-top: 0px; margin-bottom: 15px; color: rgb(85, 85, 85); font-family: &quot;Microsoft Yahei&quot;, &quot;Helvetica Neue&quot;, Helvetica, Arial, sans-serif; font-size: 15px; text-indent: 30px; white-space: normal;\">2.GitHub</p><p style=\"margin-top: 0px; margin-bottom: 15px; color: rgb(85, 85, 85); font-family: &quot;Microsoft Yahei&quot;, &quot;Helvetica Neue&quot;, Helvetica, Arial, sans-serif; font-size: 15px; text-indent: 30px; white-space: normal;\">学会了Git之后，我们把代码托管到哪里呢？在此推荐给大家两个网站，GitHub，一个是国外免费的代码托管平台。许许多多的开源项目几乎都托管在上面，你也可以在上面搜一些你需要的源代码，丰富资源应有尽有，如果还不知道这个，是不是已经Out了呢？</p><p style=\"margin-top: 0px; margin-bottom: 15px; color: rgb(85, 85, 85); font-family: &quot;Microsoft Yahei&quot;, &quot;Helvetica Neue&quot;, Helvetica, Arial, sans-serif; font-size: 15px; text-indent: 30px; white-space: normal;\">链接：<a href=\"https://github.com/\" title=\"\" style=\"color: rgb(0, 166, 124); text-decoration-line: none;\">https://github.com/</a></p><p style=\"margin-top: 0px; margin-bottom: 15px; color: rgb(85, 85, 85); font-family: &quot;Microsoft Yahei&quot;, &quot;Helvetica Neue&quot;, Helvetica, Arial, sans-serif; font-size: 15px; white-space: normal;\"><a href=\"http://qiniu.cuiqingcai.com/wp-content/uploads/2014/11/QQ%E6%88%AA%E5%9B%BE20141124142704-e1416810453291.jpg\" title=\"\" style=\"color: rgb(0, 166, 124); text-decoration-line: none;\"><img class=\"alignnone size-large wp-image-458\" src=\"http://qiniu.cuiqingcai.com/wp-content/uploads/2014/11/QQ%E6%88%AA%E5%9B%BE20141124142704-1024x415.jpg\" alt=\"QQ截图20141124142704\" width=\"1024\" height=\"415\"></a></p><p style=\"margin-top: 0px; margin-bottom: 15px; color: rgb(85, 85, 85); font-family: &quot;Microsoft Yahei&quot;, &quot;Helvetica Neue&quot;, Helvetica, Arial, sans-serif; font-size: 15px; text-indent: 30px; white-space: normal;\">3.GitCafe</p><p style=\"margin-top: 0px; margin-bottom: 15px; color: rgb(85, 85, 85); font-family: &quot;Microsoft Yahei&quot;, &quot;Helvetica Neue&quot;, Helvetica, Arial, sans-serif; font-size: 15px; text-indent: 30px; white-space: normal;\">和GitHub一样，也是一个免费的代码托管平台。GitHub是国外的，GitCafe是国内的。两者功能几乎相同，不喜欢英文版的朋友可以来GitCafe尝尝鲜。</p><p style=\"margin-top: 0px; margin-bottom: 15px; color: rgb(85, 85, 85); font-family: &quot;Microsoft Yahei&quot;, &quot;Helvetica Neue&quot;, Helvetica, Arial, sans-serif; font-size: 15px; text-indent: 30px; white-space: normal;\">链接：<a href=\"http://gitcafe.com/\" title=\"\" style=\"color: rgb(0, 166, 124); text-decoration-line: none;\">http://gitcafe.com/</a></p><p style=\"margin-top: 0px; margin-bottom: 15px; color: rgb(85, 85, 85); font-family: &quot;Microsoft Yahei&quot;, &quot;Helvetica Neue&quot;, Helvetica, Arial, sans-serif; font-size: 15px; white-space: normal;\"><a href=\"http://qiniu.cuiqingcai.com/wp-content/uploads/2014/11/QQ%E6%88%AA%E5%9B%BE20141124143049-e1416810670667.jpg\" title=\"\" style=\"color: rgb(0, 166, 124); text-decoration-line: none;\"><img class=\"alignnone size-large wp-image-459\" src=\"http://qiniu.cuiqingcai.com/wp-content/uploads/2014/11/QQ%E6%88%AA%E5%9B%BE20141124143049-1024x484.jpg\" alt=\"QQ截图20141124143049\" width=\"1024\" height=\"484\"></a></p><p style=\"margin-top: 0px; margin-bottom: 15px; color: rgb(85, 85, 85); font-family: &quot;Microsoft Yahei&quot;, &quot;Helvetica Neue&quot;, Helvetica, Arial, sans-serif; font-size: 15px; text-indent: 30px; white-space: normal;\">&nbsp;</p><p style=\"margin-top: 0px; margin-bottom: 15px; color: rgb(85, 85, 85); font-family: &quot;Microsoft Yahei&quot;, &quot;Helvetica Neue&quot;, Helvetica, Arial, sans-serif; font-size: 15px; text-indent: 30px; white-space: normal;\">4.七牛云存储</p><p style=\"margin-top: 0px; margin-bottom: 15px; color: rgb(85, 85, 85); font-family: &quot;Microsoft Yahei&quot;, &quot;Helvetica Neue&quot;, Helvetica, Arial, sans-serif; font-size: 15px; text-indent: 30px; white-space: normal;\">还在为自己项目的图片等资源没处存放而着急吗？还在担心图片加载耗费你主机大量流量吗？还在为你自己的网站加载速度过慢而揪心吗？云时代，就要用云存储。</p><p style=\"margin-top: 0px; margin-bottom: 15px; color: rgb(85, 85, 85); font-family: &quot;Microsoft Yahei&quot;, &quot;Helvetica Neue&quot;, Helvetica, Arial, sans-serif; font-size: 15px; text-indent: 30px; white-space: normal;\">比如我有一个虚拟主机是每月限流量的，而大量的图片加载占据了我网站访问流量的大部分，这时我们就可以考虑将图片移植到七牛云存储上，图片通过七牛来加载，节省宝贵的主机空间和流量。比如我的个人网站已经移植到了七牛，所有网页图片的加载都是从七牛上获取，速度快而且省流量。而且免费的七牛还提供了图片处理，比如压缩，水印等各种图片加工方式，想要什么有什么。</p><p style=\"margin-top: 0px; margin-bottom: 15px; color: rgb(85, 85, 85); font-family: &quot;Microsoft Yahei&quot;, &quot;Helvetica Neue&quot;, Helvetica, Arial, sans-serif; font-size: 15px; text-indent: 30px; white-space: normal;\">链接：<a href=\"http://www.qiniu.com/\" title=\"\" style=\"color: rgb(0, 166, 124); text-decoration-line: none;\">http://www.qiniu.com/</a></p><p style=\"margin-top: 0px; margin-bottom: 15px; color: rgb(85, 85, 85); font-family: &quot;Microsoft Yahei&quot;, &quot;Helvetica Neue&quot;, Helvetica, Arial, sans-serif; font-size: 15px; white-space: normal;\"><a href=\"http://qiniu.cuiqingcai.com/wp-content/uploads/2014/11/QQ%E6%88%AA%E5%9B%BE20141124143837-e1416811137547.jpg\" title=\"\" style=\"color: rgb(0, 166, 124); text-decoration-line: none;\"><img class=\"alignnone size-large wp-image-461\" src=\"http://qiniu.cuiqingcai.com/wp-content/uploads/2014/11/QQ%E6%88%AA%E5%9B%BE20141124143837-1024x432.jpg\" alt=\"QQ截图20141124143837\" width=\"1024\" height=\"432\"></a></p><p style=\"margin-top: 0px; margin-bottom: 15px; color: rgb(85, 85, 85); font-family: &quot;Microsoft Yahei&quot;, &quot;Helvetica Neue&quot;, Helvetica, Arial, sans-serif; font-size: 15px; text-indent: 30px; white-space: normal;\">5.云适配</p><p style=\"margin-top: 0px; margin-bottom: 15px; color: rgb(85, 85, 85); font-family: &quot;Microsoft Yahei&quot;, &quot;Helvetica Neue&quot;, Helvetica, Arial, sans-serif; font-size: 15px; text-indent: 30px; white-space: normal;\">有时候我们做出的网站没有用到响应式布局，也可能我们的网站DIV的像素宽度已经规定成具体的多少像素了。所以，用手机访问的时候可能就会出现这样那样的问题，或者显示得很小，或者整个布局全都乱掉了。这时，我们需要把自己的网站适配一下，那么在此推荐一个网站，云适配。插入一行代码，通过在线修改和生成手机适配效果，得到手机访问的网页最佳适配效果，方便而又快捷。这时电脑和手机均能看到最佳适配效果了。</p><p style=\"margin-top: 0px; margin-bottom: 15px; color: rgb(85, 85, 85); font-family: &quot;Microsoft Yahei&quot;, &quot;Helvetica Neue&quot;, Helvetica, Arial, sans-serif; font-size: 15px; text-indent: 30px; white-space: normal;\">链接：<a href=\"http://www.yunshipei.com/\" title=\"\" style=\"color: rgb(0, 166, 124); text-decoration-line: none;\">http://www.yunshipei.com/</a></p><p style=\"margin-top: 0px; margin-bottom: 15px; color: rgb(85, 85, 85); font-family: &quot;Microsoft Yahei&quot;, &quot;Helvetica Neue&quot;, Helvetica, Arial, sans-serif; font-size: 15px; white-space: normal;\"><a href=\"http://qiniu.cuiqingcai.com/wp-content/uploads/2014/11/QQ%E6%88%AA%E5%9B%BE20141124144434-e1416811549465.jpg\" title=\"\" style=\"color: rgb(0, 166, 124); text-decoration-line: none;\"><img class=\"alignnone size-large wp-image-462\" src=\"http://qiniu.cuiqingcai.com/wp-content/uploads/2014/11/QQ%E6%88%AA%E5%9B%BE20141124144434-1024x404.jpg\" alt=\"QQ截图20141124144434\" width=\"1024\" height=\"404\"></a></p><p style=\"margin-top: 0px; margin-bottom: 15px; color: rgb(85, 85, 85); font-family: &quot;Microsoft Yahei&quot;, &quot;Helvetica Neue&quot;, Helvetica, Arial, sans-serif; font-size: 15px; text-indent: 30px; white-space: normal;\">6.聚合数据</p><p style=\"margin-top: 0px; margin-bottom: 15px; color: rgb(85, 85, 85); font-family: &quot;Microsoft Yahei&quot;, &quot;Helvetica Neue&quot;, Helvetica, Arial, sans-serif; font-size: 15px; text-indent: 30px; white-space: normal;\">大家在开发过程中，可能会用到各种各样的数据，想找一些接口来提供一些数据。比如天气预报查询，火车时刻表查询，彩票查询，身份证查询等等。有了这个接口，直接调用即可。各种各样的API接口满足你。</p><p style=\"margin-top: 0px; margin-bottom: 15px; color: rgb(85, 85, 85); font-family: &quot;Microsoft Yahei&quot;, &quot;Helvetica Neue&quot;, Helvetica, Arial, sans-serif; font-size: 15px; text-indent: 30px; white-space: normal;\">链接：<a href=\"http://www.juhe.cn/\" title=\"\" style=\"color: rgb(0, 166, 124); text-decoration-line: none;\">http://www.juhe.cn/</a></p><p style=\"margin-top: 0px; margin-bottom: 15px; color: rgb(85, 85, 85); font-family: &quot;Microsoft Yahei&quot;, &quot;Helvetica Neue&quot;, Helvetica, Arial, sans-serif; font-size: 15px; white-space: normal;\"><a href=\"http://qiniu.cuiqingcai.com/wp-content/uploads/2014/11/QQ%E6%88%AA%E5%9B%BE20141124150336-e1416812634424.jpg\" title=\"\" style=\"color: rgb(0, 166, 124); text-decoration-line: none;\"><img class=\"alignnone size-large wp-image-463\" src=\"http://qiniu.cuiqingcai.com/wp-content/uploads/2014/11/QQ%E6%88%AA%E5%9B%BE20141124150336-1024x439.jpg\" alt=\"QQ截图20141124150336\" width=\"1024\" height=\"439\"></a></p><p style=\"margin-top: 0px; margin-bottom: 15px; color: rgb(85, 85, 85); font-family: &quot;Microsoft Yahei&quot;, &quot;Helvetica Neue&quot;, Helvetica, Arial, sans-serif; font-size: 15px; text-indent: 30px; white-space: normal;\">7.够快云库</p><p style=\"margin-top: 0px; margin-bottom: 15px; color: rgb(85, 85, 85); font-family: &quot;Microsoft Yahei&quot;, &quot;Helvetica Neue&quot;, Helvetica, Arial, sans-serif; font-size: 15px; text-indent: 30px; white-space: normal;\">够快云库，是基于云存储的团队协作性文件管理平台。<br>团队成员可以同步共享资料，即时沟通交流，便捷移动办公，从而实现团队的100％高效运作。比如团队开发过程中有什么要共享的资料，就可以放到里面。支持在线编辑和修改，小组讨论合作等方式。</p><p style=\"margin-top: 0px; margin-bottom: 15px; color: rgb(85, 85, 85); font-family: &quot;Microsoft Yahei&quot;, &quot;Helvetica Neue&quot;, Helvetica, Arial, sans-serif; font-size: 15px; white-space: normal;\">链接：<a href=\"http://www.gokuai.com/\" title=\"\" style=\"color: rgb(0, 166, 124); text-decoration-line: none;\">http://www.gokuai.com/</a></p><p style=\"margin-top: 0px; margin-bottom: 15px; color: rgb(85, 85, 85); font-family: &quot;Microsoft Yahei&quot;, &quot;Helvetica Neue&quot;, Helvetica, Arial, sans-serif; font-size: 15px; white-space: normal;\"><a href=\"http://qiniu.cuiqingcai.com/wp-content/uploads/2014/11/QQ%E6%88%AA%E5%9B%BE20141124150727-e1416812868208.jpg\" title=\"\" style=\"color: rgb(0, 166, 124); text-decoration-line: none;\"><img class=\"alignnone size-large wp-image-464\" src=\"http://qiniu.cuiqingcai.com/wp-content/uploads/2014/11/QQ%E6%88%AA%E5%9B%BE20141124150727-1024x370.jpg\" alt=\"QQ截图20141124150727\" width=\"1024\" height=\"370\"></a></p><p style=\"margin-top: 0px; margin-bottom: 15px; color: rgb(85, 85, 85); font-family: &quot;Microsoft Yahei&quot;, &quot;Helvetica Neue&quot;, Helvetica, Arial, sans-serif; font-size: 15px; text-indent: 30px; white-space: normal;\">8.SAE</p><p style=\"margin-top: 0px; margin-bottom: 15px; color: rgb(85, 85, 85); font-family: &quot;Microsoft Yahei&quot;, &quot;Helvetica Neue&quot;, Helvetica, Arial, sans-serif; font-size: 15px; text-indent: 30px; white-space: normal;\">SAE的强大不用多说了，强大的虚拟主机提供商。提供各种各样的编程语言在线运行，同时提供云存储Storage，各种数据库，应用十分广泛。不仅提供代码托管，还提供在线服务器运行，JAVA，PHP，Python等等的支持应有尽有，在这里你可以假设你自己的网站，你的应用接口，你的创意应用。好不好，用用就知道。另外还有JAE（京东），BAE（百度），功能类似，也推荐一下。</p><p style=\"margin-top: 0px; margin-bottom: 15px; color: rgb(85, 85, 85); font-family: &quot;Microsoft Yahei&quot;, &quot;Helvetica Neue&quot;, Helvetica, Arial, sans-serif; font-size: 15px; text-indent: 30px; white-space: normal;\">链接：<a href=\"http://sae.sina.com.cn/\" title=\"\" style=\"color: rgb(0, 166, 124); text-decoration-line: none;\">http://sae.sina.com.cn/</a></p><p style=\"margin-top: 0px; margin-bottom: 15px; color: rgb(85, 85, 85); font-family: &quot;Microsoft Yahei&quot;, &quot;Helvetica Neue&quot;, Helvetica, Arial, sans-serif; font-size: 15px; white-space: normal;\"><a href=\"http://qiniu.cuiqingcai.com/wp-content/uploads/2014/11/QQ%E6%88%AA%E5%9B%BE20141124151607-e1416813413924.jpg\" title=\"\" style=\"color: rgb(0, 166, 124); text-decoration-line: none;\"><img class=\"alignnone size-large wp-image-465\" src=\"http://qiniu.cuiqingcai.com/wp-content/uploads/2014/11/QQ%E6%88%AA%E5%9B%BE20141124151607-1024x360.jpg\" alt=\"QQ截图20141124151607\" width=\"1024\" height=\"360\"></a></p><p style=\"margin-top: 0px; margin-bottom: 15px; color: rgb(85, 85, 85); font-family: &quot;Microsoft Yahei&quot;, &quot;Helvetica Neue&quot;, Helvetica, Arial, sans-serif; font-size: 15px; text-indent: 30px; white-space: normal;\">9.多备份</p><p style=\"margin-top: 0px; margin-bottom: 15px; color: rgb(85, 85, 85); font-family: &quot;Microsoft Yahei&quot;, &quot;Helvetica Neue&quot;, Helvetica, Arial, sans-serif; font-size: 15px; text-indent: 30px; white-space: normal;\">多备份提供了主机的文件备份及数据库的备份。可能对于文件的备份大家都已经有其他方法了，不过数据库的自动备份现在还没有多少有效的解决方法，人工备份又显得比较麻烦。如果数据库有数据丢失，那就不好找回了。在此推荐一个网站：多备份。提供主机的文件自动备份和数据库自动备份，方便快捷。</p><p style=\"margin-top: 0px; margin-bottom: 15px; color: rgb(85, 85, 85); font-family: &quot;Microsoft Yahei&quot;, &quot;Helvetica Neue&quot;, Helvetica, Arial, sans-serif; font-size: 15px; text-indent: 30px; white-space: normal;\">链接：<a href=\"http://www.dbfen.com/\" title=\"\" style=\"color: rgb(0, 166, 124); text-decoration-line: none;\">http://www.dbfen.com/</a></p><p style=\"margin-top: 0px; margin-bottom: 15px; color: rgb(85, 85, 85); font-family: &quot;Microsoft Yahei&quot;, &quot;Helvetica Neue&quot;, Helvetica, Arial, sans-serif; font-size: 15px; white-space: normal;\"><a href=\"http://qiniu.cuiqingcai.com/wp-content/uploads/2014/11/QQ%E6%88%AA%E5%9B%BE20141124152121-e1416813698270.jpg\" title=\"\" style=\"color: rgb(0, 166, 124); text-decoration-line: none;\"><img class=\"alignnone size-large wp-image-467\" src=\"http://qiniu.cuiqingcai.com/wp-content/uploads/2014/11/QQ%E6%88%AA%E5%9B%BE20141124152121-1024x410.jpg\" alt=\"QQ截图20141124152121\" width=\"1024\" height=\"410\"></a></p><p style=\"margin-top: 0px; margin-bottom: 15px; color: rgb(85, 85, 85); font-family: &quot;Microsoft Yahei&quot;, &quot;Helvetica Neue&quot;, Helvetica, Arial, sans-serif; font-size: 15px; text-indent: 30px; white-space: normal;\">10.慕课网</p><p style=\"margin-top: 0px; margin-bottom: 15px; color: rgb(85, 85, 85); font-family: &quot;Microsoft Yahei&quot;, &quot;Helvetica Neue&quot;, Helvetica, Arial, sans-serif; font-size: 15px; text-indent: 30px; white-space: normal;\">学习IT知识哪家强？在此为大家推荐一个全免费的学习网站，资源丰富，还提供了比较创新的学习和练习相结合的方式。感觉非常不错，讲解得也很有条理，推荐一下。</p><p style=\"margin-top: 0px; margin-bottom: 15px; color: rgb(85, 85, 85); font-family: &quot;Microsoft Yahei&quot;, &quot;Helvetica Neue&quot;, Helvetica, Arial, sans-serif; font-size: 15px; text-indent: 30px; white-space: normal;\">链接：<a href=\"http://www.imooc.com/\" title=\"\" style=\"color: rgb(0, 166, 124); text-decoration-line: none;\">http://www.imooc.com/</a></p><p style=\"margin-top: 0px; margin-bottom: 15px; color: rgb(85, 85, 85); font-family: &quot;Microsoft Yahei&quot;, &quot;Helvetica Neue&quot;, Helvetica, Arial, sans-serif; font-size: 15px; white-space: normal;\"><a href=\"http://qiniu.cuiqingcai.com/wp-content/uploads/2014/11/QQ%E6%88%AA%E5%9B%BE20141124152408-e1416813887400.jpg\" title=\"\" style=\"color: rgb(0, 166, 124); text-decoration-line: none;\"><img class=\"alignnone size-large wp-image-468\" src=\"http://qiniu.cuiqingcai.com/wp-content/uploads/2014/11/QQ%E6%88%AA%E5%9B%BE20141124152408-1024x410.jpg\" alt=\"QQ截图20141124152408\" width=\"1024\" height=\"410\"></a></p></div>', 1, '2019-12-03 14:36:20', '2019-12-07 14:23:29', 1);
INSERT INTO `quaint_blog_plus`.`article_info`(`id`, `article_title`, `article_abstract`, `main_image_url`, `member_id`, `read_num`, `article_content`, `show_home`, `create_time`, `update_time`, `valid`) VALUES (4, '干货！IT小伙伴们实用的网站及工具大集合！(下)', '干货！IT小伙伴们实用的网站及工具大集合', 'http://www.yangqq.com/d/file/jstt/bj/2018-06-29/3f0b6da48a6fd4e626a021ff7bd0d74f.jpg', 1, 73, '<div><p style=\"margin-top: 0px; margin-bottom: 15px; color: rgb(85, 85, 85); font-family: &quot;Microsoft Yahei&quot;, &quot;Helvetica Neue&quot;, Helvetica, Arial, sans-serif; font-size: 15px; text-indent: 30px; white-space: normal;\">11.W3SCHOOL</p><p style=\"margin-top: 0px; margin-bottom: 15px; color: rgb(85, 85, 85); font-family: &quot;Microsoft Yahei&quot;, &quot;Helvetica Neue&quot;, Helvetica, Arial, sans-serif; font-size: 15px; text-indent: 30px; white-space: normal;\">这也是一个非常棒的学习网站，讲解简单易懂，我的PHP入门，HTML，JS，CSS入门都是从这里学到的，感觉讲解非常不错。</p><p style=\"margin-top: 0px; margin-bottom: 15px; color: rgb(85, 85, 85); font-family: &quot;Microsoft Yahei&quot;, &quot;Helvetica Neue&quot;, Helvetica, Arial, sans-serif; font-size: 15px; text-indent: 30px; white-space: normal;\">链接：<a href=\"http://www.w3school.com.cn/\" title=\"\" style=\"color: rgb(0, 166, 124); text-decoration-line: none;\">http://www.w3school.com.cn/</a></p><p style=\"margin-top: 0px; margin-bottom: 15px; color: rgb(85, 85, 85); font-family: &quot;Microsoft Yahei&quot;, &quot;Helvetica Neue&quot;, Helvetica, Arial, sans-serif; font-size: 15px; white-space: normal;\"><a href=\"http://qiniu.cuiqingcai.com/wp-content/uploads/2014/11/QQ%E6%88%AA%E5%9B%BE20141124152659-e1416814040907.jpg\" title=\"\" style=\"color: rgb(0, 166, 124); text-decoration-line: none;\"><img class=\"alignnone size-large wp-image-469\" src=\"http://qiniu.cuiqingcai.com/wp-content/uploads/2014/11/QQ%E6%88%AA%E5%9B%BE20141124152659-1024x393.jpg\" alt=\"QQ截图20141124152659\" width=\"1024\" height=\"393\"></a></p><p style=\"margin-top: 0px; margin-bottom: 15px; color: rgb(85, 85, 85); font-family: &quot;Microsoft Yahei&quot;, &quot;Helvetica Neue&quot;, Helvetica, Arial, sans-serif; font-size: 15px; text-indent: 30px; white-space: normal;\">12.阿里云</p><p style=\"margin-top: 0px; margin-bottom: 15px; color: rgb(85, 85, 85); font-family: &quot;Microsoft Yahei&quot;, &quot;Helvetica Neue&quot;, Helvetica, Arial, sans-serif; font-size: 15px; text-indent: 30px; white-space: normal;\">感觉比较不错的主机提供商，提供免费备案，对于ECS的管理做得非常好，数据恢复和备份及监控也应有尽有，另外提供了SLB，RDS，CDN等等的支持，个人感觉很不错的主机提供商。就是价格略贵！</p><p style=\"margin-top: 0px; margin-bottom: 15px; color: rgb(85, 85, 85); font-family: &quot;Microsoft Yahei&quot;, &quot;Helvetica Neue&quot;, Helvetica, Arial, sans-serif; font-size: 15px; text-indent: 30px; white-space: normal;\">链接：<a href=\"http://www.aliyun.com/\" title=\"\" style=\"color: rgb(0, 166, 124); text-decoration-line: none;\">http://www.aliyun.com/</a></p><p style=\"margin-top: 0px; margin-bottom: 15px; color: rgb(85, 85, 85); font-family: &quot;Microsoft Yahei&quot;, &quot;Helvetica Neue&quot;, Helvetica, Arial, sans-serif; font-size: 15px; white-space: normal;\"><a href=\"http://qiniu.cuiqingcai.com/wp-content/uploads/2014/11/QQ%E6%88%AA%E5%9B%BE20141124153235.jpg\" title=\"\" style=\"color: rgb(0, 166, 124); text-decoration-line: none;\"><img class=\"alignnone wp-image-470 size-large\" src=\"http://qiniu.cuiqingcai.com/wp-content/uploads/2014/11/QQ%E6%88%AA%E5%9B%BE20141124153235-1024x322.jpg\" alt=\"QQ截图20141124153235\" width=\"1024\" height=\"322\"></a></p><p style=\"margin-top: 0px; margin-bottom: 15px; color: rgb(85, 85, 85); font-family: &quot;Microsoft Yahei&quot;, &quot;Helvetica Neue&quot;, Helvetica, Arial, sans-serif; font-size: 15px; text-indent: 30px; white-space: normal;\">13.DNSPod</p><p style=\"margin-top: 0px; margin-bottom: 15px; color: rgb(85, 85, 85); font-family: &quot;Microsoft Yahei&quot;, &quot;Helvetica Neue&quot;, Helvetica, Arial, sans-serif; font-size: 15px; text-indent: 30px; white-space: normal;\">免费的域名解析提供商，管理方便，简洁高效。非常人性化的提示，还提供域名D监控等功能，方便实用。</p><p style=\"margin-top: 0px; margin-bottom: 15px; color: rgb(85, 85, 85); font-family: &quot;Microsoft Yahei&quot;, &quot;Helvetica Neue&quot;, Helvetica, Arial, sans-serif; font-size: 15px; text-indent: 30px; white-space: normal;\">链接：<a href=\"https://www.dnspod.cn/\" title=\"\" style=\"color: rgb(0, 166, 124); text-decoration-line: none;\">https://www.dnspod.cn/</a></p><p style=\"margin-top: 0px; margin-bottom: 15px; color: rgb(85, 85, 85); font-family: &quot;Microsoft Yahei&quot;, &quot;Helvetica Neue&quot;, Helvetica, Arial, sans-serif; font-size: 15px; white-space: normal;\"><a href=\"http://qiniu.cuiqingcai.com/wp-content/uploads/2014/11/QQ%E6%88%AA%E5%9B%BE20141124153637-e1416814632344.jpg\" title=\"\" style=\"color: rgb(0, 166, 124); text-decoration-line: none;\"><img class=\"alignnone wp-image-471 size-full\" src=\"http://qiniu.cuiqingcai.com/wp-content/uploads/2014/11/QQ%E6%88%AA%E5%9B%BE20141124153637.jpg\" alt=\"QQ截图20141124153637\" width=\"1012\" height=\"430\"></a></p><p style=\"margin-top: 0px; margin-bottom: 15px; color: rgb(85, 85, 85); font-family: &quot;Microsoft Yahei&quot;, &quot;Helvetica Neue&quot;, Helvetica, Arial, sans-serif; font-size: 15px; text-indent: 30px; white-space: normal;\">&nbsp;</p><p style=\"margin-top: 0px; margin-bottom: 15px; color: rgb(85, 85, 85); font-family: &quot;Microsoft Yahei&quot;, &quot;Helvetica Neue&quot;, Helvetica, Arial, sans-serif; font-size: 15px; text-indent: 30px; white-space: normal;\">14.WordPress</p><p style=\"margin-top: 0px; margin-bottom: 15px; color: rgb(85, 85, 85); font-family: &quot;Microsoft Yahei&quot;, &quot;Helvetica Neue&quot;, Helvetica, Arial, sans-serif; font-size: 15px; text-indent: 30px; white-space: normal;\">一款开源的PHP框架，搭建个人博客网站最实用的选择之一。我的个人网站就是基于此搭建，甚至你都不需要懂PHP你就可以搭建自己的个人网站。提供强大的后台文章管理和插件及主题管理，几乎可以满足个人网站所有需求。</p><p style=\"margin-top: 0px; margin-bottom: 15px; color: rgb(85, 85, 85); font-family: &quot;Microsoft Yahei&quot;, &quot;Helvetica Neue&quot;, Helvetica, Arial, sans-serif; font-size: 15px; text-indent: 30px; white-space: normal;\">P.S.找个好的网站模板，你就相当于成功了一大半。</p><p style=\"margin-top: 0px; margin-bottom: 15px; color: rgb(85, 85, 85); font-family: &quot;Microsoft Yahei&quot;, &quot;Helvetica Neue&quot;, Helvetica, Arial, sans-serif; font-size: 15px; text-indent: 30px; white-space: normal;\">链接：<a href=\"http://cn.wordpress.org/\" title=\"\" style=\"color: rgb(0, 166, 124); text-decoration-line: none;\">http://cn.wordpress.org/</a></p><p style=\"margin-top: 0px; margin-bottom: 15px; color: rgb(85, 85, 85); font-family: &quot;Microsoft Yahei&quot;, &quot;Helvetica Neue&quot;, Helvetica, Arial, sans-serif; font-size: 15px; white-space: normal;\"><a href=\"http://qiniu.cuiqingcai.com/wp-content/uploads/2014/11/QQ%E6%88%AA%E5%9B%BE20141124154227-e1416814969553.jpg\" title=\"\" style=\"color: rgb(0, 166, 124); text-decoration-line: none;\"><img class=\"alignnone wp-image-472 size-full\" src=\"http://qiniu.cuiqingcai.com/wp-content/uploads/2014/11/QQ%E6%88%AA%E5%9B%BE20141124154227.jpg\" alt=\"QQ截图20141124154227\" width=\"1005\" height=\"492\"></a></p><p style=\"margin-top: 0px; margin-bottom: 15px; color: rgb(85, 85, 85); font-family: &quot;Microsoft Yahei&quot;, &quot;Helvetica Neue&quot;, Helvetica, Arial, sans-serif; font-size: 15px; text-indent: 30px; white-space: normal;\">15.BootStrap</p><p style=\"margin-top: 0px; margin-bottom: 15px; color: rgb(85, 85, 85); font-family: &quot;Microsoft Yahei&quot;, &quot;Helvetica Neue&quot;, Helvetica, Arial, sans-serif; font-size: 15px; text-indent: 30px; white-space: normal;\">一个强大的前端框架，有了它你再也不需要敲那么多行的样式表，再也不用一点点地调试难看的DIV了。直接调用各种CSS样式，分分钟写出好看的网页界面。按钮、表格、进度条、提示框、输入框、菜单，应有尽有。</p><p style=\"margin-top: 0px; margin-bottom: 15px; color: rgb(85, 85, 85); font-family: &quot;Microsoft Yahei&quot;, &quot;Helvetica Neue&quot;, Helvetica, Arial, sans-serif; font-size: 15px; text-indent: 30px; white-space: normal;\">链接：<a href=\"http://www.bootcss.com/\" title=\"\" style=\"color: rgb(0, 166, 124); text-decoration-line: none;\">http://www.bootcss.com/</a></p><p style=\"margin-top: 0px; margin-bottom: 15px; color: rgb(85, 85, 85); font-family: &quot;Microsoft Yahei&quot;, &quot;Helvetica Neue&quot;, Helvetica, Arial, sans-serif; font-size: 15px; white-space: normal;\"><a href=\"http://qiniu.cuiqingcai.com/wp-content/uploads/2014/11/QQ%E6%88%AA%E5%9B%BE20141124154554.jpg\" title=\"\" style=\"color: rgb(0, 166, 124); text-decoration-line: none;\"><img class=\"alignnone size-large wp-image-473\" src=\"http://qiniu.cuiqingcai.com/wp-content/uploads/2014/11/QQ%E6%88%AA%E5%9B%BE20141124154554-1024x428.jpg\" alt=\"QQ截图20141124154554\" width=\"1024\" height=\"428\"></a></p><p style=\"margin-top: 0px; margin-bottom: 15px; color: rgb(85, 85, 85); font-family: &quot;Microsoft Yahei&quot;, &quot;Helvetica Neue&quot;, Helvetica, Arial, sans-serif; font-size: 15px; text-indent: 30px; white-space: normal;\">16.芒果广告</p><p style=\"margin-top: 0px; margin-bottom: 15px; color: rgb(85, 85, 85); font-family: &quot;Microsoft Yahei&quot;, &quot;Helvetica Neue&quot;, Helvetica, Arial, sans-serif; font-size: 15px; text-indent: 30px; white-space: normal;\">如果你开发了自己的移动应用，想添加广告来赚钱，推荐芒果广告。它是一个综合的移动广告平台，聚合了百度广告、多盟广告、易传媒等等广大广告商，可以自己定制广告显示的内容及样式，可以选择各种广告的投放比例。广告点击量、展现量详细报告、收入分析详细数据应有尽有。推荐一下。</p><p style=\"margin-top: 0px; margin-bottom: 15px; color: rgb(85, 85, 85); font-family: &quot;Microsoft Yahei&quot;, &quot;Helvetica Neue&quot;, Helvetica, Arial, sans-serif; font-size: 15px; text-indent: 30px; white-space: normal;\">链接：<a href=\"http://www.adsmogo.com/\" title=\"\" style=\"color: rgb(0, 166, 124); text-decoration-line: none;\">http://www.adsmogo.com/</a></p><p style=\"margin-top: 0px; margin-bottom: 15px; color: rgb(85, 85, 85); font-family: &quot;Microsoft Yahei&quot;, &quot;Helvetica Neue&quot;, Helvetica, Arial, sans-serif; font-size: 15px; white-space: normal;\"><a href=\"http://qiniu.cuiqingcai.com/wp-content/uploads/2014/11/QQ%E6%88%AA%E5%9B%BE20141124154953.jpg\" title=\"\" style=\"color: rgb(0, 166, 124); text-decoration-line: none;\"><img class=\"alignnone size-large wp-image-474\" src=\"http://qiniu.cuiqingcai.com/wp-content/uploads/2014/11/QQ%E6%88%AA%E5%9B%BE20141124154953-1024x488.jpg\" alt=\"QQ截图20141124154953\" width=\"1024\" height=\"488\"></a></p><p style=\"margin-top: 0px; margin-bottom: 15px; color: rgb(85, 85, 85); font-family: &quot;Microsoft Yahei&quot;, &quot;Helvetica Neue&quot;, Helvetica, Arial, sans-serif; font-size: 15px; text-indent: 30px; white-space: normal;\">17.极光推送</p><p style=\"margin-top: 0px; margin-bottom: 15px; color: rgb(85, 85, 85); font-family: &quot;Microsoft Yahei&quot;, &quot;Helvetica Neue&quot;, Helvetica, Arial, sans-serif; font-size: 15px; text-indent: 30px; white-space: normal;\">极光推送，使得开发者可以即时地向其应用程序的用户推送通知或者消息，与用户保持互动，从而有效地提高留存率，提升用户体验</p><p style=\"margin-top: 0px; margin-bottom: 15px;\">平台提供整合了Android推送、iOS推送的统一推送服务。让用户可以更好地接收你推送的内容。</p><p style=\"margin-top: 0px; margin-bottom: 15px;\">链接：<a href=\"https://www.jpush.cn/\" title=\"\" style=\"color: rgb(0, 166, 124); text-decoration-line: none;\">https://www.jpush.cn/</a></p><p style=\"margin-top: 0px; margin-bottom: 15px; text-indent: 0px;\"><a href=\"http://qiniu.cuiqingcai.com/wp-content/uploads/2014/11/QQ%E6%88%AA%E5%9B%BE20141124155237.jpg\" title=\"\" style=\"color: rgb(0, 166, 124); text-decoration-line: none;\"><img class=\"alignnone size-large wp-image-475\" src=\"http://qiniu.cuiqingcai.com/wp-content/uploads/2014/11/QQ%E6%88%AA%E5%9B%BE20141124155237-1024x434.jpg\" alt=\"QQ截图20141124155237\" width=\"1024\" height=\"434\"></a></p><p style=\"margin-top: 0px; margin-bottom: 15px;\">18.Bmob</p><p style=\"margin-top: 0px; margin-bottom: 15px;\">提供强大的后台接口支持，移动开发过程中可能需要各种各样的后台接口，直接利用这个，你可以创建自己的后台接口。它还提供了强大的游戏后端支持数据，文档和教程也是非常的完备，为移动开发带来相当大的便利。</p><p style=\"margin-top: 0px; margin-bottom: 15px;\">链接：<a href=\"http://www.bmob.cn/\" title=\"\" style=\"color: rgb(0, 166, 124); text-decoration-line: none;\">http://www.bmob.cn/</a></p><p style=\"margin-top: 0px; margin-bottom: 15px; text-indent: 0px;\"><a href=\"http://qiniu.cuiqingcai.com/wp-content/uploads/2014/11/QQ%E6%88%AA%E5%9B%BE20141124155600.jpg\" title=\"\" style=\"color: rgb(0, 166, 124); text-decoration-line: none;\"><img class=\"alignnone size-large wp-image-476\" src=\"http://qiniu.cuiqingcai.com/wp-content/uploads/2014/11/QQ%E6%88%AA%E5%9B%BE20141124155600-1024x560.jpg\" alt=\"QQ截图20141124155600\" width=\"1024\" height=\"560\"></a></p><p style=\"margin-top: 0px; margin-bottom: 15px; color: rgb(85, 85, 85); font-family: &quot;Microsoft Yahei&quot;, &quot;Helvetica Neue&quot;, Helvetica, Arial, sans-serif; font-size: 15px; text-indent: 30px; white-space: normal;\">19.有道云笔记</p><p style=\"margin-top: 0px; margin-bottom: 15px; color: rgb(85, 85, 85); font-family: &quot;Microsoft Yahei&quot;, &quot;Helvetica Neue&quot;, Helvetica, Arial, sans-serif; font-size: 15px; text-indent: 30px; white-space: normal;\">大多数人都听说过吧？在学习或者开发过程中可能会有各种各样的知识点，好记性不如烂笔头。最好的方式就是记录下来。在此推荐一个笔记，有道云笔记。在使用了各种笔记工具之后，发现还是有道好用。它提供了个人云笔记，云协作等功能，做到PC、手机、平板等多处同步。占用小，界面美观，使用方便。</p><p style=\"margin-top: 0px; margin-bottom: 15px; color: rgb(85, 85, 85); font-family: &quot;Microsoft Yahei&quot;, &quot;Helvetica Neue&quot;, Helvetica, Arial, sans-serif; font-size: 15px; text-indent: 30px; white-space: normal;\">链接：<a href=\"http://note.youdao.com/\" title=\"\" style=\"color: rgb(0, 166, 124); text-decoration-line: none;\">http://note.youdao.com/</a></p><p style=\"margin-top: 0px; margin-bottom: 15px; color: rgb(85, 85, 85); font-family: &quot;Microsoft Yahei&quot;, &quot;Helvetica Neue&quot;, Helvetica, Arial, sans-serif; font-size: 15px; white-space: normal;\"><a href=\"http://qiniu.cuiqingcai.com/wp-content/uploads/2014/11/QQ%E6%88%AA%E5%9B%BE20141124160008.jpg\" title=\"\" style=\"color: rgb(0, 166, 124); text-decoration-line: none;\"><img class=\"alignnone size-large wp-image-477\" src=\"http://qiniu.cuiqingcai.com/wp-content/uploads/2014/11/QQ%E6%88%AA%E5%9B%BE20141124160008-1024x496.jpg\" alt=\"QQ截图20141124160008\" width=\"1024\" height=\"496\"></a></p><p style=\"margin-top: 0px; margin-bottom: 15px; color: rgb(85, 85, 85); font-family: &quot;Microsoft Yahei&quot;, &quot;Helvetica Neue&quot;, Helvetica, Arial, sans-serif; font-size: 15px; text-indent: 30px; white-space: normal;\">20.Coding</p><p style=\"margin-top: 0px; margin-bottom: 15px; color: rgb(85, 85, 85); font-family: &quot;Microsoft Yahei&quot;, &quot;Helvetica Neue&quot;, Helvetica, Arial, sans-serif; font-size: 15px; text-indent: 30px; white-space: normal;\">集合了GitHub和SAE的功能，利用Git上传代码，并对代码进行托管，而且提供了一键部署和运行的功能。提供了代码监控功能，通过自动化静态代码分析等管理工具，发现代码问题，获取代码度量信息，及时了解代码质量状况。一个新兴网站，推荐一下！</p><p style=\"margin-top: 0px; margin-bottom: 15px; color: rgb(85, 85, 85); font-family: &quot;Microsoft Yahei&quot;, &quot;Helvetica Neue&quot;, Helvetica, Arial, sans-serif; font-size: 15px; text-indent: 30px; white-space: normal;\">链接：<a href=\"https://coding.net/\" title=\"\" style=\"color: rgb(0, 166, 124); text-decoration-line: none;\">https://coding.net</a></p><p style=\"margin-top: 0px; margin-bottom: 15px; color: rgb(85, 85, 85); font-family: &quot;Microsoft Yahei&quot;, &quot;Helvetica Neue&quot;, Helvetica, Arial, sans-serif; font-size: 15px; white-space: normal;\"><a href=\"http://qiniu.cuiqingcai.com/wp-content/uploads/2014/11/QQ%E6%88%AA%E5%9B%BE20141124161059.jpg\" title=\"\" style=\"color: rgb(0, 166, 124); text-decoration-line: none;\"><img class=\"alignnone size-large wp-image-480\" src=\"http://qiniu.cuiqingcai.com/wp-content/uploads/2014/11/QQ%E6%88%AA%E5%9B%BE20141124161059-1024x349.jpg\" alt=\"QQ截图20141124161059\" width=\"1024\" height=\"349\"></a></p></div>', 1, '2019-12-03 14:36:12', '2019-12-06 19:47:09', 1);
INSERT INTO `quaint_blog_plus`.`article_info`(`id`, `article_title`, `article_abstract`, `main_image_url`, `member_id`, `read_num`, `article_content`, `show_home`, `create_time`, `update_time`, `valid`) VALUES (5, '如何创建一个vue项目', '如何创建一个vue项目', 'http://www.yangqq.com/d/file/news/life/2018-06-29/75842f4d1e18d692a66c38eb172a40ab.jpg', 1, 19, '<div><p style=\"box-sizing: border-box; outline: 0px; margin-top: 0px; margin-bottom: 16px; padding: 0px; font-family: &quot;Microsoft YaHei&quot;, &quot;SF Pro Display&quot;, Roboto, Noto, Arial, &quot;PingFang SC&quot;, sans-serif; color: rgb(77, 77, 77); line-height: 26px; overflow-wrap: break-word; font-variant-ligatures: common-ligatures; white-space: normal; background-color: rgb(255, 255, 255);\"><span style=\"box-sizing: border-box; outline: 0px; margin: 0px; padding: 0px; font-weight: 700; overflow-wrap: break-word;\">1.由于vue项目依赖 node.js npm 需要先安装. 若没有请先安装;</span></p><pre class=\"prettyprint\" style=\"box-sizing: border-box; outline: 0px; margin-top: 0px; margin-bottom: 24px; padding: 8px 16px 6px 56px; position: relative; font-family: &quot;Source Code Pro&quot;, &quot;DejaVu Sans Mono&quot;, &quot;Ubuntu Mono&quot;, &quot;Anonymous Pro&quot;, &quot;Droid Sans Mono&quot;, Menlo, Monaco, Consolas, Inconsolata, Courier, monospace, &quot;PingFang SC&quot;, &quot;Microsoft YaHei&quot;, sans-serif; font-size: 14px; overflow: auto hidden; line-height: 22px; overflow-wrap: break-word; background-color: rgb(246, 248, 250); border: none; font-variant-ligatures: common-ligatures;\">&nbsp;&nbsp;检查是否有node.js&nbsp;&nbsp;npm&nbsp;vue1</pre><p style=\"box-sizing: border-box; outline: 0px; margin-top: 0px; margin-bottom: 16px; padding: 0px; font-family: &quot;Microsoft YaHei&quot;, &quot;SF Pro Display&quot;, Roboto, Noto, Arial, &quot;PingFang SC&quot;, sans-serif; color: rgb(77, 77, 77); line-height: 26px; overflow-wrap: break-word; font-variant-ligatures: common-ligatures; white-space: normal; background-color: rgb(255, 255, 255);\"><span style=\"box-sizing: border-box; outline: 0px; margin: 0px; padding: 0px; font-weight: 700; overflow-wrap: break-word;\">Window+R 输入：cmd</span></p><p style=\"box-sizing: border-box; outline: 0px; margin-top: 0px; margin-bottom: 16px; padding: 0px; font-family: &quot;Microsoft YaHei&quot;, &quot;SF Pro Display&quot;, Roboto, Noto, Arial, &quot;PingFang SC&quot;, sans-serif; color: rgb(77, 77, 77); line-height: 26px; overflow-wrap: break-word; font-variant-ligatures: common-ligatures; white-space: normal; background-color: rgb(255, 255, 255);\">输入<code style=\"box-sizing: border-box; outline: 0px; margin: 0px; padding: 2px 4px; font-family: &quot;Source Code Pro&quot;, &quot;DejaVu Sans Mono&quot;, &quot;Ubuntu Mono&quot;, &quot;Anonymous Pro&quot;, &quot;Droid Sans Mono&quot;, Menlo, Monaco, Consolas, Inconsolata, Courier, monospace, &quot;PingFang SC&quot;, &quot;Microsoft YaHei&quot;, sans-serif; font-size: 14px; line-height: 22px; color: rgb(199, 37, 78); background-color: rgb(249, 242, 244); border-radius: 2px; overflow-wrap: break-word;\">node -v</code>&nbsp;回车 会出现node,js的版本&nbsp;</p><p><span style=\"color: rgb(77, 77, 77); font-family: &quot;Microsoft YaHei&quot;, &quot;SF Pro Display&quot;, Roboto, Noto, Arial, &quot;PingFang SC&quot;, sans-serif; font-variant-ligatures: common-ligatures; background-color: rgb(255, 255, 255);\">输入</span><code style=\"box-sizing: border-box; outline: 0px; margin: 0px; padding: 2px 4px; font-family: &quot;Source Code Pro&quot;, &quot;DejaVu Sans Mono&quot;, &quot;Ubuntu Mono&quot;, &quot;Anonymous Pro&quot;, &quot;Droid Sans Mono&quot;, Menlo, Monaco, Consolas, Inconsolata, Courier, monospace, &quot;PingFang SC&quot;, &quot;Microsoft YaHei&quot;, sans-serif; font-size: 14px; line-height: 22px; color: rgb(199, 37, 78); background-color: rgb(249, 242, 244); border-radius: 2px; overflow-wrap: break-word; font-variant-ligatures: common-ligatures; white-space: normal;\">npm -V(V大写)</code><span style=\"color: rgb(77, 77, 77); font-family: &quot;Microsoft YaHei&quot;, &quot;SF Pro Display&quot;, Roboto, Noto, Arial, &quot;PingFang SC&quot;, sans-serif; font-variant-ligatures: common-ligatures; background-color: rgb(255, 255, 255);\">&nbsp;回车 会出现npm的版本&nbsp;</span></p><p><span style=\"color: rgb(77, 77, 77); font-family: &quot;Microsoft YaHei&quot;, &quot;SF Pro Display&quot;, Roboto, Noto, Arial, &quot;PingFang SC&quot;, sans-serif; font-variant-ligatures: common-ligatures; background-color: rgb(255, 255, 255);\"><br></span></p><p><span style=\"color: rgb(77, 77, 77); font-family: &quot;Microsoft YaHei&quot;, &quot;SF Pro Display&quot;, Roboto, Noto, Arial, &quot;PingFang SC&quot;, sans-serif; font-variant-ligatures: common-ligatures; background-color: rgb(255, 255, 255);\"><span style=\"box-sizing: border-box; outline: 0px; margin: 0px; padding: 0px; font-weight: 700; overflow-wrap: break-word; color: rgb(77, 77, 77); font-family: &quot;Microsoft YaHei&quot;, &quot;SF Pro Display&quot;, Roboto, Noto, Arial, &quot;PingFang SC&quot;, sans-serif; font-variant-ligatures: common-ligatures; background-color: rgb(255, 255, 255);\">2.安装vue</span></span></p><p><span style=\"color: rgb(77, 77, 77); font-family: &quot;Microsoft YaHei&quot;, &quot;SF Pro Display&quot;, Roboto, Noto, Arial, &quot;PingFang SC&quot;, sans-serif; font-variant-ligatures: common-ligatures; background-color: rgb(255, 255, 255);\"></span></p><p>//-g表示全局安装，vue-cli是模块，全局安装的模块可以在命令行直接使用</p><p><br></p><p>由于npm网站在国内速度非常慢，所以可以在命令后面加上淘宝的镜像&nbsp;</p><p>即：npm install -g vue-cli --registry=https://registry.npm.taobao.org&nbsp;</p><p>之后，可以vue –V查看vue是否安装好，出现版本号即安装成功。&nbsp;</p><p><br></p><p><span style=\"box-sizing: border-box; outline: 0px; margin: 0px; padding: 0px; font-weight: 700; overflow-wrap: break-word; color: rgb(77, 77, 77); font-family: &quot;Microsoft YaHei&quot;, &quot;SF Pro Display&quot;, Roboto, Noto, Arial, &quot;PingFang SC&quot;, sans-serif; font-variant-ligatures: common-ligatures; background-color: rgb(255, 255, 255);\">3.创建项目框架&nbsp;</span></p><p>如果想 放到指定的目录 下，先进入这个目录在执行创建项目的命令&nbsp;</p><p>例如： E:回车 //进入E盘 cd test回车 //进入E盘的test文件夹&nbsp;</p><p>接下来进入主题：创建一个基于’webpack’的项目，后面是项目名</p><p><br></p><p>————&gt; vue init webpack my-vue&nbsp;</p><p><br></p><p style=\"box-sizing: border-box; outline: 0px; margin-top: 0px; margin-bottom: 16px; padding: 0px; font-family: &quot;Microsoft YaHei&quot;, &quot;SF Pro Display&quot;, Roboto, Noto, Arial, &quot;PingFang SC&quot;, sans-serif; color: rgb(77, 77, 77); line-height: 26px; overflow-wrap: break-word; font-variant-ligatures: common-ligatures; white-space: normal; background-color: rgb(255, 255, 255);\"><em style=\"box-sizing: border-box; outline: 0px; margin: 0px; padding: 0px; overflow-wrap: break-word;\">Project name —&gt; 项目名称 （非必填，默认上面的项目名）</em>&nbsp;<br><em style=\"box-sizing: border-box; outline: 0px; margin: 0px; padding: 0px; overflow-wrap: break-word;\">Project description —&gt; 项目描述 （非必填）</em>&nbsp;<br><em style=\"box-sizing: border-box; outline: 0px; margin: 0px; padding: 0px; overflow-wrap: break-word;\">Author —&gt; 作者（非必填）</em></p><p style=\"box-sizing: border-box; outline: 0px; margin-top: 0px; margin-bottom: 16px; padding: 0px; font-family: &quot;Microsoft YaHei&quot;, &quot;SF Pro Display&quot;, Roboto, Noto, Arial, &quot;PingFang SC&quot;, sans-serif; color: rgb(77, 77, 77); line-height: 26px; overflow-wrap: break-word; font-variant-ligatures: common-ligatures; white-space: normal; background-color: rgb(255, 255, 255);\">当下载完成后：&nbsp;</p><p><span style=\"box-sizing: border-box; outline: 0px; margin: 0px; padding: 0px; font-weight: 700; overflow-wrap: break-word; color: rgb(77, 77, 77); font-family: &quot;Microsoft YaHei&quot;, &quot;SF Pro Display&quot;, Roboto, Noto, Arial, &quot;PingFang SC&quot;, sans-serif; font-variant-ligatures: common-ligatures; background-color: rgb(255, 255, 255);\">To get started:</span><span style=\"color: rgb(77, 77, 77); font-family: &quot;Microsoft YaHei&quot;, &quot;SF Pro Display&quot;, Roboto, Noto, Arial, &quot;PingFang SC&quot;, sans-serif; font-variant-ligatures: common-ligatures; background-color: rgb(255, 255, 255);\">&nbsp;就是告诉你接下来该做什么，依次完成下面2行命令就可以了。进入my-vue项目—–安装npm依赖—–运行项目&nbsp;</span><br><span style=\"color: rgb(77, 77, 77); font-family: &quot;Microsoft YaHei&quot;, &quot;SF Pro Display&quot;, Roboto, Noto, Arial, &quot;PingFang SC&quot;, sans-serif; font-variant-ligatures: common-ligatures; background-color: rgb(255, 255, 255);\">然后一次输入：&nbsp;</span><br><code style=\"box-sizing: border-box; outline: 0px; margin: 0px; padding: 2px 4px; font-family: &quot;Source Code Pro&quot;, &quot;DejaVu Sans Mono&quot;, &quot;Ubuntu Mono&quot;, &quot;Anonymous Pro&quot;, &quot;Droid Sans Mono&quot;, Menlo, Monaco, Consolas, Inconsolata, Courier, monospace, &quot;PingFang SC&quot;, &quot;Microsoft YaHei&quot;, sans-serif; font-size: 14px; line-height: 22px; color: rgb(199, 37, 78); background-color: rgb(249, 242, 244); border-radius: 2px; overflow-wrap: break-word; font-variant-ligatures: common-ligatures; white-space: normal;\"><br>cd vue-test&nbsp;<br>npm run dev&nbsp;</code></p><p><br></p><p>4.安装项目依赖&nbsp;</p><p><br></p><p>? Target directory exists. Continue? Yes</p><p>? Project name y</p><p>? Project description A Vue.js project</p><p>? Author quaint &lt;857776215@qq.com&gt;</p><p>? Vue build standalone</p><p>? Install vue-router? Yes</p><p>? Use ESLint to lint your code? No&nbsp;&nbsp;&nbsp;&nbsp;&nbsp;&nbsp;&nbsp;&nbsp;&nbsp;&nbsp;&nbsp;&nbsp;-------------其他回车，这里需要考虑是否严格模式</p><p>? Set up unit tests Yes</p><p>? Pick a test runner jest</p><p>? Setup e2e tests with Nightwatch? Yes</p><p>? Should we run `npm install` for you after the project has been created? (recommended) no&nbsp;&nbsp;&nbsp;&nbsp;</p><p>--------------默认npm安装，可能会慢，选no 然后自行npm换源</p><p><br></p><p>&nbsp; &nbsp;vue-cli · Generated \"vue-test\".</p><p><br></p><p># Project initialization finished!</p><p># ========================</p><p><br></p><p>To get started:</p><p><br></p><p>&nbsp; cd vue-test</p><p>&nbsp; npm install (or if using yarn: yarn)</p><p>&nbsp; npm run dev</p><p><br></p><p>Documentation can be found at https://vuejs-templates.github.io/webpack</p><p><br></p><p>关闭 js严格模式eslint</p><p>最有一个选择稍后安装</p><p><br></p><p>输入：npm install</p><p><br></p><p>若安装缓慢同样可以使用淘宝镜像&nbsp;</p><p>即输入命令：npm install --registry=https://registry.npm.taobao.org&nbsp;</p><p>当这个命令运行完成以后文件目录会多出一个node_modules文件,里面就是项目所需的所有依赖可以看到有很多模块,这些模块都是在package.json文件里定义好了的.</p><p><br></p><p>5.运行测试</p><p><br></p><p>输入：npm run dev</p><p><br></p><p>一般流览器会自动跳转出界面 <a href=\"http://localhost:8080/，也可以手动打开流览器器输入地址\">http://localhost:8080/，也可以手动打开流览器器输入地址</a> </p><p><br></p><p><br></p></div>', 1, '2019-12-03 14:36:12', '2019-12-07 14:17:41', 1);
INSERT INTO `quaint_blog_plus`.`article_info`(`id`, `article_title`, `article_abstract`, `main_image_url`, `member_id`, `read_num`, `article_content`, `show_home`, `create_time`, `update_time`, `valid`) VALUES (6, '前后分离之zuul过滤器处理跨域', '最近两天遇到了前端请求后端的跨域问题，传统的jsonp不能满足更多的请求方式，因此了解一下cors的方式跨域是必要的。', 'http://www.yangqq.com/d/file/jstt/bj/2018-06-29/3f0b6da48a6fd4e626a021ff7bd0d74f.jpg', 2, 35, '<div><article><p><br></p><p><!-- flowchart 箭头图标 勿删 --></p><h1><img class=\"anchorclass\"><a target=\"_blank\"></a>前后分离之zuul过滤器处理跨域</h1><p>刚毕业的应届小白一枚<br>最近想要自己熟悉一下最近流行的web技术<br>打算用 <strong>spring cloud +vue3 +iview</strong> 搭建一个前后分离的项目玩玩<br>下面是项目地址：<br><a href=\"https://github.com/quaint-github/Vue-SpringCloud-CMS\" target=\"_blank\">https://github.com/quaint-github/Vue-SpringCloud-CMS</a></p><p>有一个simple-v1.0 分支，是一个简单的项目结构demo，感兴趣的可以clone到本地尝试一下。有疑问欢迎留言，一起成长。</p><p>最近两天遇到了前端请求后端的跨域问题，传统的jsonp不能满足更多的请求方式，因此了解一下cors的方式跨域是必要的。</p><h3><img class=\"anchorclass\"><a target=\"_blank\"></a>简要了解cors的跨域原理</h3><p>个人摸索理解，如果需要改正，请指出。多谢。</p><h4><a target=\"_blank\"></a>为什么需要跨域</h4><ol class=\" list-paddingleft-2\"><li><p>浏览器的同源策略来起到安全的作用。</p></li><li><p>需要同协议，同域名/IP，同端口才能直接请求。</p></li><li><p>这个协议的存在，我们无法正常跨域请求。</p></li></ol><h3><img class=\"anchorclass\"><a target=\"_blank\"></a>利用cors跨域会有以下过程。</h3><ol class=\" list-paddingleft-2\"><li><p>跨域请求会先发送一个预请求OPTIONS</p></li><li><p>预请求成功后需要返回给前端一个成功的状态码</p></li><li><p>预请求通过，进行真正的请求，实现跨域</p></li></ol><h3><img class=\"anchorclass\"><a target=\"_blank\"></a>问题解决过程：</h3><p><strong>前端正常发送ajax/axios请求</strong></p><pre class=\"brush:java;toolbar:false\">import&nbsp;axios&nbsp;from&nbsp;\"axios\"\nconst&nbsp;webtest&nbsp;=&nbsp;\'http://localhost:80\';\nconst&nbsp;axiosInstance&nbsp;=&nbsp;axios.create({\n&nbsp;&nbsp;&nbsp;&nbsp;headers:&nbsp;{\'Content-Type\':&nbsp;\'application/json;charset=utf-8\'},//&nbsp;设置传输内容的类型和编码\n&nbsp;&nbsp;&nbsp;&nbsp;withCredentials:&nbsp;true&nbsp;//&nbsp;指定某个请求应该发送凭据。允许客户端携带跨域cookie，也需要此配置\n&nbsp;&nbsp;});\n//&nbsp;查询样例用户列表&nbsp;用于测试\nexport&nbsp;const&nbsp;testUser&nbsp;=&nbsp;(params)&nbsp;=&gt;&nbsp;{\n&nbsp;&nbsp;&nbsp;&nbsp;return&nbsp;axiosInstance({\n&nbsp;&nbsp;&nbsp;&nbsp;&nbsp;&nbsp;&nbsp;&nbsp;url:&nbsp;webtest&nbsp;+&nbsp;\"/api/user/1\",\n&nbsp;&nbsp;&nbsp;&nbsp;&nbsp;&nbsp;&nbsp;&nbsp;method:&nbsp;\"get\",\n&nbsp;&nbsp;&nbsp;&nbsp;&nbsp;&nbsp;&nbsp;&nbsp;data:&nbsp;params\n&nbsp;&nbsp;&nbsp;&nbsp;})\n}</pre><p><br></p><p><strong>后端zuul网关处理跨域问题</strong></p><pre class=\"prettyprint\">@Component\npublic&nbsp;class&nbsp;TokenFilter&nbsp;extends&nbsp;ZuulFilter&nbsp;{\n\n\n&nbsp;&nbsp;&nbsp;&nbsp;@Override\n&nbsp;&nbsp;&nbsp;&nbsp;public&nbsp;String&nbsp;filterType()&nbsp;{\n&nbsp;&nbsp;&nbsp;&nbsp;&nbsp;&nbsp;&nbsp;&nbsp;return&nbsp;FilterConstants.PRE_TYPE;&nbsp;//&nbsp;可以在请求被路由之前调用&nbsp;&nbsp;pre\n&nbsp;&nbsp;&nbsp;&nbsp;}\n\n&nbsp;&nbsp;&nbsp;&nbsp;@Override\n&nbsp;&nbsp;&nbsp;&nbsp;public&nbsp;int&nbsp;filterOrder()&nbsp;{\n&nbsp;&nbsp;&nbsp;&nbsp;&nbsp;&nbsp;&nbsp;&nbsp;return&nbsp;FilterConstants.PRE_DECORATION_FILTER_ORDER-1;&nbsp;//&nbsp;filter执行顺序，通过数字指定&nbsp;,优先级为0，数字越大，优先级越低\n&nbsp;&nbsp;&nbsp;&nbsp;}\n\n&nbsp;&nbsp;&nbsp;&nbsp;@Override\n&nbsp;&nbsp;&nbsp;&nbsp;public&nbsp;boolean&nbsp;shouldFilter()&nbsp;{\n&nbsp;&nbsp;&nbsp;&nbsp;&nbsp;&nbsp;&nbsp;&nbsp;return&nbsp;true;//&nbsp;是否执行该过滤器，此处为true，说明需要过滤\n&nbsp;&nbsp;&nbsp;&nbsp;}\n\n&nbsp;&nbsp;&nbsp;&nbsp;@Override\n&nbsp;&nbsp;&nbsp;&nbsp;public&nbsp;Object&nbsp;run()&nbsp;{\n&nbsp;&nbsp;&nbsp;&nbsp;&nbsp;&nbsp;&nbsp;&nbsp;//&nbsp;获取request对象\n&nbsp;&nbsp;&nbsp;&nbsp;&nbsp;&nbsp;&nbsp;&nbsp;RequestContext&nbsp;ctx&nbsp;=&nbsp;RequestContext.getCurrentContext();\n&nbsp;&nbsp;&nbsp;&nbsp;&nbsp;&nbsp;&nbsp;&nbsp;HttpServletRequest&nbsp;request&nbsp;=&nbsp;ctx.getRequest();\n&nbsp;&nbsp;&nbsp;&nbsp;&nbsp;&nbsp;&nbsp;&nbsp;HttpServletResponse&nbsp;response&nbsp;=&nbsp;ctx.getResponse();\n\n		//&nbsp;这些是对请求头的匹配，网上有很多解释\n&nbsp;&nbsp;&nbsp;&nbsp;&nbsp;&nbsp;&nbsp;&nbsp;response.setHeader(\"Access-Control-Allow-Origin\",request.getHeader(\"Origin\"));\n&nbsp;&nbsp;&nbsp;&nbsp;&nbsp;&nbsp;&nbsp;&nbsp;response.setHeader(\"Access-Control-Allow-Credentials\",\"true\");\n&nbsp;&nbsp;&nbsp;&nbsp;&nbsp;&nbsp;&nbsp;&nbsp;response.setHeader(\"Access-Control-Allow-Methods\",\"GET,&nbsp;HEAD,&nbsp;POST,&nbsp;PUT,&nbsp;DELETE,&nbsp;OPTIONS,&nbsp;PATCH\");\n&nbsp;&nbsp;&nbsp;&nbsp;&nbsp;&nbsp;&nbsp;&nbsp;response.setHeader(\"Access-Control-Allow-Headers\",\"authorization,&nbsp;content-type\");\n&nbsp;&nbsp;&nbsp;&nbsp;&nbsp;&nbsp;&nbsp;&nbsp;response.setHeader(\"Access-Control-Expose-Headers\",\"X-forwared-port,&nbsp;X-forwarded-host\");\n&nbsp;&nbsp;&nbsp;&nbsp;&nbsp;&nbsp;&nbsp;&nbsp;response.setHeader(\"Vary\",\"Origin,Access-Control-Request-Method,Access-Control-Request-Headers\");\n\n&nbsp;&nbsp;&nbsp;&nbsp;&nbsp;&nbsp;&nbsp;&nbsp;//&nbsp;跨域请求一共会进行两次请求&nbsp;先发送options&nbsp;是否可以请求\n&nbsp;&nbsp;&nbsp;&nbsp;&nbsp;&nbsp;&nbsp;&nbsp;//&nbsp;调试可发现一共拦截两次&nbsp;第一次请求为options，第二次为正常的请求&nbsp;eg：get请求\n&nbsp;&nbsp;&nbsp;&nbsp;&nbsp;&nbsp;&nbsp;&nbsp;if&nbsp;(\"OPTIONS\".equalsIgnoreCase(request.getMethod())){\n&nbsp;&nbsp;&nbsp;&nbsp;&nbsp;&nbsp;&nbsp;&nbsp;&nbsp;&nbsp;&nbsp;&nbsp;ctx.setSendZuulResponse(false);&nbsp;//验证请求不进行路由\n&nbsp;&nbsp;&nbsp;&nbsp;&nbsp;&nbsp;&nbsp;&nbsp;&nbsp;&nbsp;&nbsp;&nbsp;ctx.setResponseStatusCode(HttpStatus.OK.value());//返回验证成功的状态码\n&nbsp;&nbsp;&nbsp;&nbsp;&nbsp;&nbsp;&nbsp;&nbsp;&nbsp;&nbsp;&nbsp;&nbsp;ctx.set(\"isSuccess\",&nbsp;true);\n&nbsp;&nbsp;&nbsp;&nbsp;&nbsp;&nbsp;&nbsp;&nbsp;&nbsp;&nbsp;&nbsp;&nbsp;return&nbsp;null;\n&nbsp;&nbsp;&nbsp;&nbsp;&nbsp;&nbsp;&nbsp;&nbsp;}\n&nbsp;&nbsp;&nbsp;&nbsp;&nbsp;&nbsp;&nbsp;&nbsp;//&nbsp;第二次请求（非验证，eg：get请求不会进到上面的if）&nbsp;会走到这里往下进行\n&nbsp;&nbsp;&nbsp;&nbsp;&nbsp;&nbsp;&nbsp;&nbsp;//&nbsp;不需要token认证\n&nbsp;&nbsp;&nbsp;&nbsp;&nbsp;&nbsp;&nbsp;&nbsp;ctx.setSendZuulResponse(true);&nbsp;//对请求进行路由\n&nbsp;&nbsp;&nbsp;&nbsp;&nbsp;&nbsp;&nbsp;&nbsp;ctx.setResponseStatusCode(HttpStatus.OK.value());\n&nbsp;&nbsp;&nbsp;&nbsp;&nbsp;&nbsp;&nbsp;&nbsp;ctx.set(\"isSuccess\",&nbsp;true);\n&nbsp;&nbsp;&nbsp;&nbsp;&nbsp;&nbsp;&nbsp;&nbsp;return&nbsp;null;\n&nbsp;&nbsp;&nbsp;&nbsp;}\n\n}</pre><p>第一个options请求：<br><img src=\"https://img-blog.csdnimg.cn/20190628155622837.png?x-oss-process=image/watermark,type_ZmFuZ3poZW5naGVpdGk,shadow_10,text_aHR0cHM6Ly9ibG9nLmNzZG4ubmV0L3F1YWludF9jc2Ru,size_16,color_FFFFFF,t_70\" alt=\"在这里插入图片描述\"><br>第二个正常请求：</p><p><img src=\"https://img-blog.csdnimg.cn/20190628155920880.png?x-oss-process=image/watermark,type_ZmFuZ3poZW5naGVpdGk,shadow_10,text_aHR0cHM6Ly9ibG9nLmNzZG4ubmV0L3F1YWludF9jc2Ru,size_16,color_FFFFFF,t_70\" alt=\"在这里插入图片描述\"><br>请求到的数据<br><img src=\"https://img-blog.csdnimg.cn/20190628160029975.png?x-oss-process=image/watermark,type_ZmFuZ3poZW5naGVpdGk,shadow_10,text_aHR0cHM6Ly9ibG9nLmNzZG4ubmV0L3F1YWludF9jc2Ru,size_16,color_FFFFFF,t_70\" alt=\"在这里插入图片描述\"><br>上面是可以成功访问的代码。</p><h3><img class=\"anchorclass\"><a target=\"_blank\"></a>下面说一下容易遇到的问题：</h3><p><strong>当我们注释掉if &nbsp;让options 直接请求路由，会发生什么？</strong><br><img src=\"https://img-blog.csdnimg.cn/20190628160225317.png?x-oss-process=image/watermark,type_ZmFuZ3poZW5naGVpdGk,shadow_10,text_aHR0cHM6Ly9ibG9nLmNzZG4ubmV0L3F1YWludF9jc2Ru,size_16,color_FFFFFF,t_70\" alt=\"在这里插入图片描述\"><br>会出现下面的提示，大概意思就是 options没有返回 一个成功的状态码，但是上面代码确实有<br>ctx.setResponseStatusCode(HttpStatus.OK.value());<br>ctx.set(“isSuccess”, true);<br>这是卡我一下午一直很疑惑的地方，而且zuul也没有报错，调试发现只有一个options请求，没有收到get请求，可能就是他继续路由出现了异常，没有返回状态码，即使调换代码顺序也还是下面的错误。<br><img src=\"https://img-blog.csdnimg.cn/20190628160349306.png?x-oss-process=image/watermark,type_ZmFuZ3poZW5naGVpdGk,shadow_10,text_aHR0cHM6Ly9ibG9nLmNzZG4ubmV0L3F1YWludF9jc2Ru,size_16,color_FFFFFF,t_70\" alt=\"在这里插入图片描述\"></p><p>下面这个错误就是后端什么都没有配置，出现的错误，大概意思就是<br>请求的资源上不存在“Access-Control-Allow-Origin”标头。<br>就是这些没有配置，后端不认你的远程请求地址<br><img src=\"https://img-blog.csdnimg.cn/20190628161027979.png?x-oss-process=image/watermark,type_ZmFuZ3poZW5naGVpdGk,shadow_10,text_aHR0cHM6Ly9ibG9nLmNzZG4ubmV0L3F1YWludF9jc2Ru,size_16,color_FFFFFF,t_70\" alt=\"在这里插入图片描述\"></p><p>那今天就到这里吧，如果有问题，在继续研究完善。</p><p><br></p></article></div>', 0, '2019-12-05 17:54:59', '2019-12-06 16:37:56', 1);


-- 文章关联标签数据
INSERT INTO `quaint_blog_plus`.`article_link_label`(`id`, `article_id`, `label_id`) VALUES (1, 6, 3);
INSERT INTO `quaint_blog_plus`.`article_link_label`(`id`, `article_id`, `label_id`) VALUES (2, 1, 4);
INSERT INTO `quaint_blog_plus`.`article_link_label`(`id`, `article_id`, `label_id`) VALUES (3, 2, 5);
INSERT INTO `quaint_blog_plus`.`article_link_label`(`id`, `article_id`, `label_id`) VALUES (4, 6, 1);
INSERT INTO `quaint_blog_plus`.`article_link_label`(`id`, `article_id`, `label_id`) VALUES (5, 3, 1);
INSERT INTO `quaint_blog_plus`.`article_link_label`(`id`, `article_id`, `label_id`) VALUES (6, 3, 2);
INSERT INTO `quaint_blog_plus`.`article_link_label`(`id`, `article_id`, `label_id`) VALUES (7, 3, 3);
INSERT INTO `quaint_blog_plus`.`article_link_label`(`id`, `article_id`, `label_id`) VALUES (8, 5, 3);

-- 标签数据
INSERT INTO `quaint_blog_plus`.`label_info`(`id`, `label_name`, `label_type`, `create_time`, `update_time`, `valid`) VALUES (1, 'Java', 2, '2019-12-04 10:04:42', '2019-12-04 10:07:32', 1);
INSERT INTO `quaint_blog_plus`.`label_info`(`id`, `label_name`, `label_type`, `create_time`, `update_time`, `valid`) VALUES (2, 'English', 0, '2019-12-04 10:06:17', '2019-12-04 10:07:47', 1);
INSERT INTO `quaint_blog_plus`.`label_info`(`id`, `label_name`, `label_type`, `create_time`, `update_time`, `valid`) VALUES (3, 'Vue', 0, '2019-12-04 10:08:03', '2019-12-05 18:00:58', 1);
INSERT INTO `quaint_blog_plus`.`label_info`(`id`, `label_name`, `label_type`, `create_time`, `update_time`, `valid`) VALUES (4, '机器学习', 2, '2019-12-05 17:59:46', '2019-12-05 17:59:46', 1);
INSERT INTO `quaint_blog_plus`.`label_info`(`id`, `label_name`, `label_type`, `create_time`, `update_time`, `valid`) VALUES (5, '情感', 1, '2019-12-05 18:00:06', '2019-12-05 18:00:06', 1);
